"","Name","Description","769P_KIDNEY","786O_KIDNEY","42MGBA_CENTRAL_NERVOUS_SYSTEM","1321N1_CENTRAL_NERVOUS_SYSTEM","22RV1_PROSTATE","5637_URINARY_TRACT","8505C_THYROID","697_HAEMATOPOIETIC_AND_LYMPHOID_TISSUE","639V_URINARY_TRACT","8305C_THYROID"
"1","100009676_at","LOC100009676",5.444892,5.838828,5.373842,6.08657,6.079415,5.979812,6.044784,5.489103,6.364203,5.473923
"2","10000_at","AKT3",7.544216,7.32845,6.631749,8.109723,4.521625,6.595651,8.240295,6.056583,6.172691,7.915845
"3","10001_at","MED6",8.715909,8.410834,10.00135,9.773439,8.845639,9.663415,9.613478,9.505763,9.480367,9.518996
"4","10002_at","NR2E3",4.173643,3.776557,3.610522,3.73835,3.768181,4.040661,4.021159,3.922257,3.80702,3.931862
"5","10003_at","NAALAD2",3.663081,4.047007,4.242035,3.53107,4.044822,4.159523,4.597602,3.614177,3.699464,3.582426
"6","100048912_at","CDKN2B-AS1",4.069507,4.41817,3.859894,3.973706,4.151676,4.099417,4.485127,4.388497,4.412172,4.181384
"7","100049716_at","LOC100049716",3.990926,4.342995,4.175044,4.200785,5.136966,4.28473,4.280031,4.990959,4.795315,4.202816
"8","10004_at","NAALADL1",4.5235,4.45984,4.561051,4.474587,4.20154,4.518963,4.142635,4.485688,4.23931,4.186184
"9","10005_at","ACOT8",7.735855,8.181641,8.697279,9.149081,7.922227,8.23626,8.221361,7.255946,8.109799,8.902382
"10","10006_at","ABI1",9.247934,8.768485,8.833257,8.854845,9.147535,8.543386,9.038576,9.829126,8.157467,9.097162
"11","10007_at","GNPDA1",10.15218,8.94289,8.895942,10.31694,8.564433,10.14659,9.753131,6.338166,10.36561,9.816364
"12","10008_at","KCNE3",4.051168,4.144604,4.138449,3.859936,3.896686,3.966155,3.857749,4.175173,4.066929,3.774987
"13","100093630_at","SNHG8",10.99759,11.16821,8.149848,9.724938,12.06837,10.3484,9.21951,11.57173,10.33956,9.859278
"14","10009_at","ZBTB33",7.973016,7.88361,8.225239,7.232161,8.542526,8.102017,8.6338,9.293592,8.848682,8.29375
"15","1000_at","CDH2",10.64514,10.36926,7.529072,10.02488,5.097133,8.961591,9.028682,7.591846,9.226092,10.7317
"16","100101467_at","ZSCAN30",6.835835,5.979874,7.164879,5.505118,6.90105,5.200482,6.458255,6.757867,7.071106,7.253177
"17","100101938_at","ANKRD26P3",5.386072,5.242227,4.980661,5.103104,6.07136,5.462184,5.188418,7.835031,5.043779,5.031281
"18","10010_at","TANK",10.00669,9.109338,9.640771,9.455,8.161631,8.847463,8.080334,7.950601,6.63772,8.761081
"19","100113407_at","TMEM170B",4.38773,5.104818,4.563756,7.042769,7.854444,4.300019,9.47347,4.861918,6.047037,4.333777
"20","10011_at","SRA1",10.21631,10.20709,9.960935,10.09068,9.111668,9.944978,9.559475,8.317667,9.894645,9.780596
"21","100124700_at","HOTAIR",3.642937,3.678877,3.713503,3.378156,4.572769,3.605789,3.898884,3.369459,4.477005,3.383817
"22","100125288_at","ZGLP1",4.756632,4.674349,4.906627,5.459834,5.213835,5.020106,4.676922,4.816505,5.167919,4.834701
"23","100126784_at","LOC100126784",4.339277,4.291642,3.87671,3.728521,3.756066,3.830105,4.279948,3.668592,4.222136,4.152604
"24","100126791_at","EGOT",5.350741,6.002586,3.693132,3.891879,3.775341,3.955522,3.852098,4.063041,3.978012,3.912722
"25","100126793_at","GHRLOS",4.654907,5.0911,4.652912,4.780433,4.524347,5.438901,4.749204,4.909115,5.48277,4.790643
"26","100127888_at","LOC100127888",4.380375,4.755173,4.532373,4.343297,4.343464,4.261401,4.214752,4.168408,4.191571,4.283765
"27","100127891_at","LOC100127891",5.710263,5.715626,5.340623,5.160076,6.908708,5.640512,4.83374,5.906804,6.112882,5.548143
"28","100127950_at","HECW1-IT1",3.638461,3.762264,3.637352,3.420093,3.46959,3.423233,3.435119,3.528474,3.897759,3.532802
"29","100127974_at","LOC100127974",3.61875,3.542848,3.41141,3.350715,3.333519,3.720645,3.470741,3.693795,3.446176,3.554803
"30","100127983_at","LOC100127983",9.395666,9.545987,8.505041,10.02695,4.844508,5.24475,7.101674,8.905976,5.12161,8.906616
"31","100128025_at","WWTR1-AS1",3.768251,3.644164,3.519187,3.979313,3.570092,3.731358,3.929942,3.731315,3.922946,3.760638
"32","100128071_at","LOC100128071",4.749076,5.144308,4.639935,5.244194,5.416746,4.468884,4.497441,5.064949,4.559044,4.480023
"33","100128098_at","LOC100128098",4.063851,4.254632,4.260638,3.948547,9.220601,4.009776,4.204852,4.480033,4.628443,4.164584
"34","100128124_at","HGC6.3",4.199198,3.965549,3.592193,3.575795,3.824018,4.169536,3.598231,3.767286,3.877937,3.627969
"35","100128126_at","LOC100128126",4.082013,4.03755,4.077453,4.338186,4.088676,3.868045,4.197928,4.706907,4.236702,3.998661
"36","100128139_at","LOC100128139",3.21983,3.505126,3.31403,3.55198,3.174254,3.446257,3.345235,3.267224,3.440232,3.183053
"37","100128164_at","LOC100128164",4.412827,4.1743,4.611224,4.267294,4.385432,4.368164,4.262913,4.334424,4.279487,4.260288
"38","100128176_at","LOC100128176",3.652947,3.539509,3.393419,3.435054,3.499088,3.409696,3.512353,3.584053,3.489445,3.285823
"39","100128191_at","LOC100128191",5.992291,5.796697,5.800739,5.423376,5.418731,6.660973,5.861344,7.296576,5.68576,5.274538
"40","100128239_at","LOC100128239",3.775665,4.152694,4.053735,3.598066,3.999238,3.832157,3.975091,3.804294,4.028198,3.865182
"41","100128252_at","LOC100128252",4.365838,7.722762,9.826712,8.941495,7.046747,6.440224,8.683206,3.939388,4.335269,8.047665
"42","100128288_at","LOC100128288",3.632484,3.497239,4.13258,4.963868,4.433253,3.498604,3.34249,4.608437,4.167723,3.747193
"43","100128292_at","LOC100128292",4.575451,4.580769,4.540221,4.716814,4.752625,4.775004,4.317158,4.411305,4.700537,4.534105
"44","100128343_at","LOC100128343",6.391988,6.038374,6.338997,6.348771,6.140994,5.889039,6.464802,6.834327,6.341679,6.292022
"45","100128361_at","LOC100128361",5.725914,4.91241,5.023914,5.111801,5.456794,5.505925,6.235391,6.494332,4.520217,5.538756
"46","100128374_at","LOC100128374",3.757162,3.865715,3.960066,4.046734,4.05035,4.696708,4.05454,4.437704,3.884472,3.948526
"47","100128496_at","LOC100128496",4.902102,4.654272,4.711568,4.541989,4.589105,4.742839,4.269497,4.762328,4.163405,4.623649
"48","100128511_at","LOC100128511",3.830087,3.998057,3.648814,3.476507,3.612905,3.706148,3.805661,3.759966,4.124387,3.870085
"49","100128554_at","LOC100128554",3.480542,3.730182,3.713445,3.722897,3.614804,3.432535,3.770129,3.663797,3.601672,3.481812
"50","100128590_at","LOC100128590",3.832895,3.690557,3.841921,3.534889,3.441467,3.669552,3.667967,4.488927,3.584326,4.897025
"51","100128640_at","LOC100128640",4.264189,4.448249,4.242636,4.704215,4.634385,4.506606,4.343924,4.524052,5.032967,4.438524
"52","100128653_at","LOC100128653",4.840572,4.544268,4.639414,5.074334,4.448947,4.318537,4.51948,4.504388,4.273676,4.497613
"53","100128731_at","OST4",11.81123,12.16577,12.41015,12.79054,11.78757,12.08535,11.0908,11.51698,12.22351,12.28105
"54","100128737_at","LOC100128737",6.683167,6.917822,6.289407,7.138188,7.414293,6.99251,5.882792,5.430786,5.993392,6.384815
"55","100128750_at","LOC100128750",5.19549,4.716676,4.693984,3.692256,4.622198,5.24475,4.381362,4.140069,4.159251,4.59216
"56","100128751_at","LOC100128751",4.331409,4.040378,4.425665,4.074273,4.06725,4.21674,4.069305,7.378752,4.471901,4.258493
"57","100128782_at","LINC00476",4.555015,5.089484,5.89428,4.950349,5.990114,4.788666,5.013603,5.24847,4.655969,4.806983
"58","100128788_at","LOC100128788",4.340807,4.361388,4.322719,4.678148,4.685857,4.396707,4.608714,4.892117,4.331818,4.425129
"59","100128822_at","LOC100128822",7.742975,6.414556,6.561697,7.760797,10.18444,7.73011,7.420199,8.871131,8.36381,6.536581
"60","100128840_at","LOC100128840",4.241237,4.312426,4.294981,6.345212,4.236954,4.176101,4.310996,4.372743,4.3455,4.325002
"61","100128881_at","LOC100128881",5.14713,5.281877,5.152613,5.150318,5.483556,5.303918,4.801153,5.417508,6.485989,5.147889
"62","100128893_at","LOC100128893",5.736489,5.924327,6.806126,6.143033,6.436102,6.188635,5.199654,5.299858,5.808087,7.654034
"63","100128909_at","LOC100128909",4.26786,4.206092,4.171328,3.973867,4.358193,4.485876,4.3409,5.180158,4.441502,4.198565
"64","100128927_at","ZBTB42",4.305444,3.847631,4.670703,4.96565,6.92558,4.621052,4.516414,5.566811,6.031685,5.076828
"65","100128946_at","LOC100128946",4.246593,4.516302,4.312626,4.455966,4.372868,4.365413,4.25999,4.52763,4.505308,4.31563
"66","100128977_at","MAPT-AS1",4.347175,4.552471,4.156626,4.369308,4.209294,4.49578,4.330893,4.736538,4.394193,4.127646
"67","100128993_at","LOC100128993",3.90908,3.949254,4.143784,3.830055,4.003322,3.898688,3.874748,3.818744,3.869896,3.934505
"68","100128998_at","C20orf181",4.059907,4.029128,4.12722,4.131754,4.305379,4.120033,3.88424,4.422062,3.887963,3.868412
"69","100129034_at","LOC100129034",5.602713,5.254262,5.093228,4.703363,4.947,5.029868,5.666846,5.89273,4.968757,6.098494
"70","100129098_at","LOC100129098",4.6993,4.529746,4.658986,4.628198,4.541351,4.591272,4.39851,4.932469,4.651321,4.491588
"71","100129104_at","LOC100129104",5.46557,4.849941,4.701613,4.767618,5.035296,4.720464,4.575785,5.214799,4.688994,5.002633
"72","100129128_at","KHDC1L",3.775321,4.220677,3.666586,4.09683,3.997878,3.911103,4.185467,3.684462,4.359628,3.782554
"73","100129195_at","LOC100129195",4.774941,4.205614,4.439309,4.062216,3.9578,3.713598,4.288603,5.471222,4.557998,4.074389
"74","100129196_at","LOC100129196",3.325622,3.611782,3.718033,3.743528,3.714308,3.429572,3.613817,3.451073,3.359245,3.656473
"75","100129250_at","LOC100129250",6.386753,6.433363,5.949232,5.499454,7.161033,6.863551,6.771115,6.736847,6.506612,7.768676
"76","100129271_at","C1orf68",3.641433,4.01863,3.999195,3.932055,3.595063,3.834908,4.092997,4.011362,3.685372,4.11939
"77","100129361_at","LOC100129361",10.92243,10.40841,11.46669,11.14036,11.19858,10.77336,10.73703,10.50047,11.23737,10.64293
"78","100129387_at","LOC100129387",7.171059,7.040896,7.372294,7.185799,7.593637,6.66966,7.290347,8.144159,7.067962,7.063797
"79","100129427_at","LOC100129427",4.282481,4.327255,4.106184,3.920897,3.883782,3.953943,3.907854,3.995729,3.882306,4.016003
"80","100129460_at","DPY19L1P1",5.110366,4.66623,4.12979,4.404688,4.025391,3.984769,3.905016,4.28736,4.356608,4.094805
"81","100129463_at","LOC100129463",3.909894,3.994607,3.564514,3.585699,4.20765,3.892538,3.668507,3.673416,3.58218,3.534171
"82","100129476_at","LOC100129476",3.389729,3.601536,3.617375,3.535192,3.529484,3.82805,3.520152,3.790471,3.484053,3.526225
"83","100129482_at","ZNF37BP",5.116438,5.571563,5.495425,5.5139,6.462808,4.957782,5.234251,6.187207,5.825906,4.755046
"84","100129502_at","LOC100129502",5.969278,6.392163,6.903049,6.575438,7.815761,6.54981,6.942623,4.558047,7.262366,7.36104
"85","100129550_at","LOC100129550",5.432846,5.225479,4.849734,6.22145,6.632634,6.311835,6.705265,5.504696,6.80486,6.216223
"86","100129597_at","LOC100129597",3.470253,3.585372,3.354196,3.424049,3.301408,3.554801,3.319874,3.802583,3.625354,3.277101
"87","100129617_at","LOC100129617",5.164722,5.050694,4.813034,4.953924,4.834511,4.836617,5.228731,4.869596,4.781288,4.969612
"88","100129620_at","LOC100129620",3.437917,3.627969,3.478773,3.568115,3.265956,3.585994,3.511511,3.49464,3.557119,3.509336
"89","100129654_at","TCF24",3.519407,3.848058,3.298724,3.463773,3.853487,3.487681,3.339488,3.404385,3.937409,3.418658
"90","100129662_at","LOC100129662",3.927073,4.051452,4.323483,3.602497,3.78063,3.969087,3.74852,3.689541,3.970567,3.833663
"91","100129716_at","LOC100129716",4.950325,5.055484,5.153123,5.227518,5.058384,5.170579,5.01918,5.095927,5.311845,4.803149
"92","100129722_at","LOC100129722",5.329621,5.244084,4.952158,5.117345,5.278539,5.020486,5.00356,5.215569,5.131219,4.897741
"93","100129726_at","LOC100129726",4.452981,4.993026,4.242605,4.626026,4.326753,4.34004,4.233522,4.783604,4.651666,4.114208
"94","100129792_at","CCDC152",3.937324,4.644594,4.546825,6.573199,3.652698,3.865927,3.572461,3.750629,3.833806,3.574379
"95","100129794_at","LOC100129794",4.587956,4.367939,4.101906,4.600504,6.0338,4.587059,4.816402,4.406605,4.929611,4.451892
"96","100129827_at","MRVI1-AS1",4.849775,4.59777,4.326685,4.545842,4.316399,4.43675,4.467237,4.921738,4.362035,4.334538
"97","100129845_at","LOC100129845",5.67013,5.36251,6.125687,5.98483,5.873619,5.544343,6.005734,6.154227,5.658072,6.099339
"98","100129858_at","LOC100129858",3.352264,3.54459,3.636747,3.838624,3.71244,3.496115,3.424622,4.02086,3.585952,3.685385
"99","100129917_at","LOC100129917",5.263957,5.147667,4.815797,4.995552,6.632549,3.958388,4.423631,4.688685,4.487365,4.565882
"100","100129935_at","LOC100129935",5.710307,5.291618,5.700204,5.517388,5.121521,5.093549,5.076984,5.598739,5.268837,5.382993
"101","100129960_at","LOC100129960",6.591087,6.258395,7.148488,5.704813,5.480117,5.247545,6.979471,4.660544,5.349286,6.391139
"102","100129961_at","LOC100129961",5.333899,4.694773,4.250609,4.803174,3.864691,4.523669,3.90079,4.192039,4.074674,4.302758
"103","100130100_at","LOC100130100",4.236459,4.900437,4.900146,5.101248,4.734652,5.988632,4.950045,4.600064,5.063938,5.111255
"104","100130111_at","LOC100130111",3.783023,3.838493,3.964592,3.755328,3.492861,3.85572,3.521576,3.881161,3.562766,3.659663
"105","100130155_at","LOC100130155",4.025704,3.821293,3.876591,4.041322,3.901978,3.906655,4.012205,4.277838,4.132394,3.787039
"106","100130219_at","LOC100130219",5.781718,5.656507,5.254308,5.880027,5.435644,4.841621,5.454199,6.924763,5.9557,5.710091
"107","100130249_at","PP2672",4.263718,4.025639,4.243364,3.99585,3.904702,4.340873,4.117936,4.166178,4.393528,3.936691
"108","100130264_at","LOC100130264",3.915949,3.861651,3.854894,3.764984,3.736816,3.6799,3.699701,4.100868,3.706521,3.693795
"109","100130275_at","LOC100130275",5.671133,4.711315,5.01977,5.154949,5.41501,5.376263,6.360342,4.827446,5.406417,4.418668
"110","100130331_at","LOC100130331",3.986902,4.127609,4.208493,3.66231,3.950113,3.877886,4.074415,4.523574,3.655982,3.800042
"111","100130357_at","LOC100130357",4.372197,4.249136,4.300995,3.915798,4.140523,4.217707,4.065667,4.792766,3.886127,4.52774
"112","100130418_at","CECR7",4.038015,4.140108,3.857389,4.015693,3.597791,3.819394,4.303272,4.240494,3.737457,3.81665
"113","100130428_at","LOC100130428",5.263119,5.880927,6.490702,5.818,5.506961,5.546557,7.298877,6.980391,7.040302,5.590274
"114","100130449_at","PP14571",3.744034,3.630754,3.4726,3.733994,4.887831,3.802949,3.659029,3.553888,3.510138,3.511231
"115","100130452_at","LOC100130452",3.990869,3.691875,3.820334,4.044827,3.776689,3.643447,3.768753,4.138339,4.00238,3.840039
"116","100130458_at","LOC100130458",3.99455,3.620757,3.84612,3.659838,4.686646,3.668907,3.635481,9.289732,3.826562,3.724729
"117","100130502_at","LOC100130502",4.692954,4.807027,4.870091,4.764015,4.707458,4.927512,4.503591,4.458277,4.732818,4.728905
"118","100130503_at","LOC100130503",3.693399,3.49275,3.444554,3.291356,3.397938,3.412809,3.390562,5.181091,3.656491,3.644911
"119","100130519_at","TMEM221",4.112855,4.420122,4.338308,4.304734,4.389043,5.009573,4.322535,4.836665,4.680886,4.031357
"120","100130522_at","LOC100130522",4.457158,4.54954,4.230278,4.417462,4.223072,4.16218,4.244369,4.676935,4.021625,4.396829
"121","100130548_at","LOC100130548",4.499334,3.869255,3.882521,4.022674,4.025709,4.145976,3.712123,4.549266,4.036441,4.000191
"122","100130557_at","LOC100130557",6.577915,6.199786,5.8409,6.105643,7.366465,5.933054,5.957114,7.344081,6.284993,5.947069
"123","100130581_at","LOC100130581",3.830724,4.024111,3.916026,3.843313,3.871406,3.918337,3.928633,4.226542,3.935528,3.659785
"124","100130613_at","CXorf64",4.52289,4.297305,4.394574,4.386653,4.554782,4.641119,4.086716,8.780011,4.110347,4.050259
"125","100130691_at","LOC100130691",4.390859,4.453757,4.235646,3.961653,3.722874,4.042266,3.906262,4.271032,4.237276,4.128388
"126","100130700_at","LOC100130700",4.669205,4.498523,5.037799,4.792624,4.325725,4.676604,4.413437,4.604108,4.19754,4.473387
"127","100130705_at","LOC100130705",4.529808,4.353881,4.282028,4.347241,4.782396,4.163374,4.217143,4.062338,4.192933,3.644503
"128","100130717_at","CECR5-AS1",3.726113,3.986942,3.21736,3.52123,4.099992,3.858738,3.417201,3.45705,3.658011,3.616882
"129","100130733_at","LRRC70",3.733679,3.941959,4.422975,4.224915,4.335301,4.149636,4.343267,5.582746,4.546723,3.835365
"130","100130776_at","LOC100130776",5.019781,7.764601,7.700772,7.890864,5.879222,7.883139,7.525005,4.97627,8.265216,6.741381
"131","100130815_at","LOC100130815",3.755687,3.578424,3.897162,3.761502,3.650155,3.604431,3.560702,3.832457,3.812636,3.548351
"132","100130855_at","LOC100130855",3.986902,4.073176,4.954323,4.02633,5.411946,4.193265,4.40066,4.166974,4.197897,4.372864
"133","100130856_at","LOC100130856",5.329267,5.046977,5.298843,5.250618,5.269146,5.783081,5.731587,5.303098,5.637512,4.982494
"134","100130872_at","LOC100130872",6.005606,5.077247,5.988135,5.274568,5.455448,5.535677,5.305048,5.908456,5.830469,5.461148
"135","100130889_at","PSORS1C3",4.056866,6.382028,3.732861,4.027212,3.655395,3.733717,3.731532,3.73022,3.668511,4.128739
"136","100130894_at","LOC100130894",3.908908,3.604937,3.601566,3.806773,3.67056,3.589057,3.593241,3.557384,3.948236,3.819035
"137","100130933_at","C17orf110",4.819672,4.777279,4.035758,4.17105,4.371858,4.755626,4.031576,4.721724,4.658603,4.194995
"138","100130938_at","LOC100130938",4.422334,5.822212,3.939826,4.398779,3.764503,4.550467,6.081267,4.116109,4.008085,8.316496
"139","100130950_at","LOC100130950",3.973073,4.068744,3.983667,4.466026,4.433222,4.069598,4.041712,4.076439,4.391305,4.298959
"140","100130958_at","SYCE1L",5.965101,6.96004,4.699128,4.947776,5.98315,6.820359,5.855978,7.096238,4.520827,6.355293
"141","100130964_at","LOC100130964",3.43999,3.801296,3.41516,3.59408,3.65937,3.537733,3.726852,3.507272,3.424249,3.497261
"142","100130967_at","C6orf99",4.829595,6.97265,4.452434,4.03111,4.221003,4.795786,4.234867,4.254652,4.109443,4.231964
"143","100130987_at","LOC100130987",4.715912,4.58326,4.683149,4.072904,4.254476,4.379721,4.106279,4.280455,4.938371,3.655484
"144","100130992_at","LOC100130992",4.052328,4.055025,4.122893,4.072596,3.802319,4.030397,3.705883,3.785519,4.330075,3.923074
"145","100131067_at","LOC100131067",6.41434,5.092755,6.502766,6.420965,6.533316,5.828863,6.585168,6.183422,6.243307,5.893658
"146","100131096_at","LOC100131096",3.935654,4.041576,3.884401,4.017487,3.999967,4.099208,3.851134,4.990947,4.103123,3.941787
"147","100131117_at","ZBTB20-AS1",3.986902,3.760917,3.907752,3.744562,3.420746,3.902973,3.889775,4.23849,3.837772,3.736164
"148","100131138_at","LOC100131138",3.428712,3.39603,3.417267,3.424743,3.621349,3.281703,3.283194,3.52005,3.264756,3.377172
"149","100131187_at","TSTD1",8.696413,3.886294,3.567336,3.902019,10.85427,10.15596,7.762161,7.458775,4.072388,10.29596
"150","100131211_at","TMEM194B",4.915755,4.777649,4.355445,4.580755,4.828993,4.896473,4.873048,6.083818,4.905771,4.776
"151","100131213_at","ZNF503-AS2",5.300223,4.957706,5.248051,5.443957,5.653571,4.781286,4.578108,4.807731,5.211942,4.740108
"152","100131275_at","NSAP11",4.059947,4.192106,3.979749,3.633789,3.799935,3.82796,4.043058,4.211728,4.090465,3.818895
"153","100131283_at","LOC100131283",3.692016,3.649612,3.779589,3.558567,3.640752,3.714721,3.570184,3.613,3.660828,3.477118
"154","100131316_at","LOC100131316",4.59629,4.515886,5.228313,5.196729,4.59479,4.791297,4.862956,4.863574,4.388454,5.106396
"155","100131347_at","LOC100131347",3.837354,4.002433,3.769778,3.774393,4.618405,3.641055,3.610144,3.855762,3.865136,3.698598
"156","100131354_at","LOC100131354",4.842253,5.445214,5.122334,5.067496,4.836637,5.07953,5.393289,5.264321,4.871965,5.725882
"157","100131366_at","LOC100131366",4.432201,4.625802,4.581502,4.608921,4.70008,4.435035,4.458599,4.848019,4.704756,4.466564
"158","100131434_at","LOC100131434",3.743847,4.31717,3.872214,3.971956,3.570122,3.6087,4.27016,3.806095,3.645627,3.924603
"159","100131454_at","DBIL5P",5.172661,4.59426,4.616997,4.620384,4.839867,4.749405,4.699492,4.400116,4.751894,4.360499
"160","100131496_at","LOC100131496",4.144267,4.114336,4.165706,4.221055,4.250688,4.119323,4.209223,4.359591,3.88019,4.011374
"161","100131561_at","FKSG29",4.516321,4.767371,4.659693,4.250947,4.736093,4.343993,4.335587,4.803598,4.880829,4.766426
"162","100131564_at","LOC100131564",7.055893,6.980967,7.277118,7.625852,8.093103,5.374581,7.419353,8.648585,7.82517,7.283911
"163","100131607_at","LOC100131607",5.559163,6.569682,6.836558,6.531952,8.179504,6.88611,6.433533,6.840999,7.018866,7.246701
"164","100131655_at","LOC100131655",3.797616,3.748782,3.66083,3.677941,3.722482,3.812344,3.772779,4.234877,3.929749,3.787701
"165","100131691_at","LOC100131691",3.887185,4.324265,5.481435,5.039084,4.374466,4.256106,4.416672,4.117297,4.557846,4.159384
"166","100131733_at","LOC100131733",3.872364,3.776709,3.684374,4.063473,3.94749,4.127334,3.807977,4.302761,4.334712,3.685149
"167","100131755_at","ARMCX4",4.219983,3.887181,4.227992,3.811336,4.773622,3.819139,4.037261,4.005376,4.581511,4.398588
"168","100131801_at","C19orf79",9.643437,9.589751,9.125693,9.083103,10.02203,9.599112,8.865218,9.412646,9.082657,9.389989
"169","100131814_at","LINC00271",3.738897,3.882112,3.904819,3.513017,4.256677,3.604584,3.598798,3.923393,3.712782,3.531383
"170","100131816_at","UBE2DNL",3.893339,3.549966,3.67407,4.039301,4.128788,3.765106,3.799568,3.930747,3.854901,3.712693
"171","100131825_at","LOC100131825",4.570582,4.55536,4.405642,4.465113,4.379433,4.534652,4.584486,4.68694,4.663295,4.562775
"172","100131827_at","ZNF717",4.29801,3.901084,4.281412,4.369607,4.358729,4.018253,4.155912,4.224651,4.104798,4.062939
"173","100131998_at","RRN3P3",4.857952,3.818454,3.996481,4.04481,4.380257,4.094401,3.782619,4.636728,3.708555,3.388433
"174","100132234_at","LINC00543",3.811759,3.48645,3.375471,3.749181,3.576474,3.884782,3.567845,3.763901,3.675927,3.421534
"175","100132341_at","KIAA0664L3",5.75354,4.475524,4.767297,4.298438,5.645895,5.729051,5.672165,4.35322,6.173385,4.454825
"176","100132354_at","LOC100132354",4.522228,4.392475,4.178356,4.357798,4.080608,4.41003,4.100708,4.531557,4.217538,4.140421
"177","100132356_at","LOC100132356",4.724357,4.885977,5.117745,4.549678,4.235611,4.396707,4.573474,5.577584,5.68342,4.314019
"178","100132386_at","KRTAP4-9",4.021102,4.334248,4.339984,4.457495,4.182308,4.253087,8.570028,4.371004,4.751589,4.311344
"179","100132464_at","FAM99B",4.293746,4.130274,4.006334,3.99409,3.859766,4.518821,3.621584,3.583064,3.961997,3.745148
"180","100132476_at","KRTAP4-7",3.23828,3.364961,3.420375,3.456775,3.137225,3.471421,5.987017,3.674429,3.412821,3.288529
"181","100132596_at","XGPY2",3.823967,3.752056,3.933897,3.994433,3.570085,3.977142,3.64007,3.644696,3.841044,3.588854
"182","100132618_at","ZRANB2-AS1",3.786822,3.737063,3.69944,3.765529,3.767932,3.747983,3.743462,3.807148,3.715442,3.363667
"183","100132677_at","BSN-AS2",3.942158,4.312248,4.001208,4.237482,4.215653,3.775755,3.804157,4.114323,4.579321,4.113758
"184","100132707_at","LOC100132707",5.520009,5.18388,5.07747,5.859229,5.502948,5.126439,4.86714,5.767729,5.184326,5.014806
"185","100132735_at","LOC100132735",4.102792,3.521701,3.782528,3.534404,3.464139,3.740571,3.821987,3.972095,3.678913,3.65289
"186","100132815_at","LOC100132815",5.642554,6.111141,5.681434,7.009571,8.664898,7.031147,5.889214,7.886838,7.20851,4.872324
"187","100132891_at","LOC100132891",7.384698,7.58564,8.333284,3.479062,3.572502,3.635818,3.712633,3.654877,3.513801,8.068407
"188","100132911_at","DPH3P1",4.605362,4.844693,4.496483,4.77041,4.234403,4.85771,4.645164,4.428478,4.397551,4.758852
"189","100132987_at","LOC100132987",4.144505,4.23239,4.417773,4.130005,4.013807,4.083402,4.021604,4.439786,4.24061,4.058698
"190","100133039_at","LOC100133039",3.889289,3.868598,4.103154,4.041076,3.938237,4.598564,4.374409,4.049159,3.961997,4.083065
"191","100133190_at","LOC100133190",5.314647,6.105607,5.283128,5.71937,5.040831,5.622411,5.168719,4.968059,6.951405,7.474805
"192","100133308_at","LOC100133308",3.938678,3.905904,3.83488,3.698409,3.796924,3.683891,3.726751,3.861405,3.881782,3.668636
"193","100133311_at","HOXA-AS3",3.971143,4.66516,4.117029,4.129053,4.184603,5.014107,4.216524,3.864615,4.16806,3.95782
"194","100133461_at","LOC100133461",4.216829,4.165733,3.966393,4.359461,3.858343,3.966372,3.862367,4.055565,3.937917,3.99722
"195","100133612_at","LOC100133612",5.784951,5.364831,5.923671,5.730874,5.554697,5.846631,5.451426,5.764015,5.247536,5.977854
"196","100133985_at","LOC100133985",3.865592,3.746203,4.036414,3.782561,3.917334,4.426645,3.708271,4.267653,4.200491,3.770791
"197","100133991_at","LOC100133991",3.896084,3.976219,3.690336,3.557218,4.045613,4.222273,3.724334,3.753333,3.703986,3.732265
"198","100134229_at","LOC100134229",4.032358,4.195155,4.35702,4.323005,4.359546,3.972442,4.393098,4.201612,4.105406,4.212283
"199","100134259_at","LOC100134259",5.003608,5.883558,8.07767,6.470169,4.369377,5.455861,5.005078,5.13214,4.90247,6.128004
"200","100134361_at","LOC100134361",4.476509,4.097827,4.68774,6.04848,5.690343,5.154136,4.262643,4.926395,6.795776,4.442234
"201","100134368_at","LOC100134368",3.993946,3.712607,3.923509,3.921966,4.032473,3.767736,4.078332,4.186575,4.008472,3.900115
"202","100134713_at","LOC100134713",4.929657,5.337411,4.956713,5.218533,5.497614,5.343002,4.773733,4.981509,5.337842,4.491588
"203","100137047_at","JMJD7",6.369503,6.35914,6.300076,5.751481,6.147219,7.883964,6.777764,6.431853,5.843421,6.333229
"204","10013_at","HDAC6",6.589282,6.834997,6.457157,6.827107,6.882445,6.980688,6.914889,6.863324,7.449417,7.401369
"205","100141515_at","C17orf99",3.977837,3.897273,3.669571,3.822729,3.727754,4.2126,3.756764,3.994627,3.877206,3.616776
"206","100144596_at","LINC00029",4.618353,4.369601,4.624634,4.367615,4.242652,4.350783,4.226495,4.415728,3.897682,4.483204
"207","100144597_at","LOC100144597",3.999105,4.184567,3.960442,4.105749,3.901289,4.188303,3.984662,4.338096,3.933645,4.016183
"208","100144602_at","LOC100144602",4.377458,3.989305,4.366652,4.028759,3.973702,3.827069,4.300183,3.853975,4.24113,3.789965
"209","100144603_at","LOC100144603",6.051081,6.332781,6.998875,6.425137,7.812391,7.266187,6.161812,6.354498,7.796085,6.353676
"210","100144604_at","LOC100144604",5.411194,5.61513,5.42817,5.292897,5.178382,5.236625,5.292028,5.490166,4.891215,5.333689
"211","100144748_at","KLLN",4.391866,3.997928,4.316697,4.253218,4.321292,4.336792,4.495068,4.485778,4.630787,4.292692
"212","100147773_at","LOC100147773",5.37143,4.211132,4.328529,4.995135,5.789262,4.255669,4.422533,4.823313,4.742497,4.151875
"213","10014_at","HDAC5",4.791802,5.157852,5.590924,5.731263,5.872787,5.063507,5.394804,6.565178,5.614072,5.825687
"214","10015_at","PDCD6IP",9.503286,9.826715,10.09517,10.09321,10.10115,9.256986,10.98233,10.20526,11.01953,10.37816
"215","100169752_at","LOC100169752",3.844029,3.892352,3.578427,3.608316,3.559891,3.592468,3.661991,3.767982,3.598138,3.685316
"216","100169890_at","PEG3-AS1",3.697659,3.75891,3.728697,3.433901,4.177741,3.658956,3.519374,3.62959,3.960417,3.780068
"217","100169989_at","DBIL5P2",4.257687,3.99448,4.463814,4.496861,4.679503,4.238041,4.397176,5.115773,4.611025,4.235066
"218","10016_at","PDCD6",10.67828,11.61712,10.59251,10.99498,10.73973,10.48462,11.19836,10.34305,11.57186,10.29307
"219","100170229_at","SRRM5",3.916079,3.88742,3.837337,3.951864,4.138985,4.026418,4.041036,4.191195,3.641049,3.841147
"220","100170765_at","C19orf69",3.7435,4.212489,4.158742,4.121613,4.023839,4.504713,4.236764,4.359592,4.24061,3.929831
"221","100170841_at","C17orf96",5.930004,5.413611,6.01603,5.965974,6.989204,6.117729,6.800121,8.174754,8.207116,6.800492
"222","10017_at","BCL2L10",4.39249,4.472242,4.352238,4.297332,4.478397,4.716434,4.185065,4.644562,4.46303,4.194214
"223","100188893_at","TOMM6",12.64302,12.43504,12.21741,12.78094,12.97235,12.30754,11.98657,12.4953,12.63492,12.16233
"224","100188953_at","LINC00092",4.246153,4.253528,4.533877,4.272722,3.873915,4.333021,4.063873,4.13341,4.222485,4.483626
"225","100189589_at","LOC100189589",3.567753,3.517853,3.749752,3.67221,3.342064,3.488783,3.441851,3.760998,3.560079,3.417238
"226","10018_at","BCL2L11",6.770335,6.711651,7.125216,7.050697,6.501109,6.960994,6.08083,8.003044,7.358563,6.075165
"227","100190938_at","LOC100190938",3.560323,3.66766,3.389643,3.503817,3.676409,3.798249,3.491751,3.491514,3.722317,3.653064
"228","100190939_at","TPT1-AS1",5.683832,5.952059,5.165567,5.220291,4.99741,5.724389,4.753605,5.366639,5.547696,4.90615
"229","100192378_at","LOC100192378",3.603041,4.211601,4.288011,4.812702,3.79499,3.709051,4.078238,3.734024,4.912499,3.655123
"230","100192379_at","PP12613",4.182396,4.008888,3.776077,3.702793,3.799935,3.782776,3.622335,3.779992,4.05138,3.99169
"231","100192386_at","FLJ16779",3.510244,3.864507,3.535122,3.769628,3.810836,3.871779,3.696187,4.159119,3.710978,3.591901
"232","10019_at","SH2B3",9.660738,9.977799,9.728739,8.415717,5.91935,8.690014,9.41538,9.068293,9.335418,10.251
"233","1001_at","CDH3",5.551622,5.826598,5.82845,5.565585,8.492579,10.1629,5.721253,5.32882,5.618197,5.120258
"234","10020_at","GNE",7.840521,8.76281,9.020047,8.956641,6.916995,8.396155,8.963149,8.722724,8.153562,9.464059
"235","100216545_at","LOC100216545",4.913862,5.042825,4.501894,4.607027,5.078659,4.850209,4.648821,4.756877,5.114596,4.807282
"236","100216546_at","LOC100216546",4.268698,4.32857,4.010541,4.317659,4.754373,3.981468,4.236117,4.503094,4.286584,4.216742
"237","10021_at","HCN4",4.205909,4.157516,4.089047,4.093564,4.058631,4.166554,3.931799,4.377111,4.165344,4.004774
"238","10022_at","INSL5",4.029209,3.854739,3.724458,3.882855,3.895627,3.680042,3.752647,3.870658,3.898303,3.674045
"239","10023_at","FRAT1",3.655398,4.231372,4.172749,4.749432,6.750298,5.231875,4.500695,6.936672,6.123754,4.971059
"240","10024_at","TROAP",7.950153,8.950599,8.329372,8.424292,9.228222,8.238344,8.603381,8.646674,10.54469,7.40133
"241","10025_at","MED16",7.3113,7.161588,6.878275,7.00446,6.144759,7.697073,7.318245,7.049483,8.100733,6.232086
"242","100268168_at","LOC100268168",3.650512,3.629339,3.833894,3.519537,3.713122,3.641919,4.014645,3.578345,4.114701,3.697887
"243","10026_at","PIGK",9.330281,8.756843,10.17086,9.169797,8.906159,8.391753,9.792935,8.020028,8.192705,9.310798
"244","100270679_at","LOC100270679",3.426755,3.718674,3.498112,3.597824,3.562345,3.404936,3.642041,3.854823,3.868144,3.567253
"245","100270804_at","LOC100270804",5.694427,4.801067,4.830986,5.25005,5.033956,4.944262,5.462963,5.389439,5.163022,5.963712
"246","100271722_at","LOC100271722",3.976065,4.612926,4.015169,4.619411,4.794209,4.414006,4.947332,3.849253,4.82549,5.296858
"247","100271832_at","LOC100271832",4.077853,4.343017,3.997185,3.959556,3.98347,4.159986,3.990317,4.187239,4.091699,3.856495
"248","100272147_at","MTCP1NB",8.586376,10.04806,9.533174,9.264002,8.107671,9.133425,9.460927,8.919743,9.481586,9.60716
"249","100272217_at","LOC100272217",3.872329,3.706937,3.797837,3.687723,4.384503,3.756119,3.75457,3.685423,3.983929,3.819722
"250","100272228_at","LOC100272228",4.424543,4.504761,3.883043,3.769386,4.259522,3.767827,4.21609,4.27692,3.981285,3.978284
"251","100286844_at","LOC100286844",4.021469,4.007795,3.89811,4.01018,3.801308,4.420172,4.002372,3.893595,4.141575,4.158947
"252","100286922_at","LOC100286922",4.136328,3.855618,4.05523,3.66657,3.651946,4.147508,3.831076,3.864382,3.622384,3.829065
"253","100286925_at","LOC100286925",5.195681,4.37339,5.136883,4.766098,4.538281,4.782309,4.671627,4.236782,4.475333,4.380602
"254","100286938_at","LOC100286938",5.094116,4.869408,4.786095,5.19075,4.956616,4.763689,4.599922,4.852424,4.779659,4.871346
"255","100287015_at","LOC100287015",4.237485,3.853291,4.024084,3.766041,4.768839,3.806558,4.28149,3.794938,3.956781,3.923036
"256","100287114_at","LINC00421",3.981486,4.462181,4.196045,3.968096,4.080582,4.058092,4.085218,4.233636,4.403325,4.120008
"257","100287177_at","LOC100287177",4.675221,4.464517,4.318653,4.055346,4.884253,4.36956,5.011899,4.232286,4.765868,5.285344
"258","100287216_at","LOC100287216",3.6472,3.864507,4.408237,3.629388,3.356166,3.732624,4.492727,3.68373,4.257777,4.107408
"259","100287227_at","TIPARP-AS1",4.028168,4.21766,4.272954,4.051617,4.287208,4.72016,4.297302,4.028723,4.291518,4.187732
"260","100287366_at","OSTM1-AS1",3.464559,4.060091,3.34478,3.496815,3.296018,3.894949,3.456645,3.800902,3.791217,3.39544
"261","100287437_at","LOC100287437",4.786628,4.889142,4.439081,4.528332,4.50244,4.30711,4.40971,4.525017,4.492534,4.553273
"262","100287482_at","LOC100287482",4.929918,5.350194,4.232472,6.812921,9.231283,6.698211,5.522457,5.208209,7.604152,5.195815
"263","100287558_at","LOC100287558",4.317847,4.445667,3.994546,3.965408,4.249325,4.184251,4.095383,4.494632,4.408617,4.130298
"264","100287569_at","LINC00173",4.227803,4.198898,4.577984,5.2304,4.631958,4.582253,4.723487,4.816028,4.391542,4.32337
"265","100287576_at","LOC100287576",4.8256,4.919303,4.354108,4.300019,4.33987,4.772488,4.095192,4.237761,4.824085,4.253647
"266","100287598_at","LOC100287598",4.107937,3.786178,3.99992,4.01849,4.029998,3.835209,4.150345,4.286608,4.071077,3.835613
"267","100287616_at","LOC100287616",3.197095,6.724152,8.991873,8.05403,6.343747,5.794858,6.639275,3.465103,3.99379,7.411169
"268","100287628_at","LOC100287628",7.64601,4.784746,5.731567,5.359337,9.008137,6.340158,5.910917,7.913948,8.603867,6.56556
"269","100287765_at","LOC100287765",4.254499,4.084308,4.16389,4.133582,4.585986,4.460159,4.625733,4.181739,4.380949,4.496684
"270","100287813_at","LOC100287813",4.278284,4.259568,3.861787,4.010654,3.865099,4.005725,4.154081,4.351795,4.385222,4.161204
"271","100287814_at","LOC100287814",4.054834,4.278138,3.995277,4.228773,3.92233,4.712207,4.162582,4.620251,4.135236,4.286267
"272","100287896_at","LOC100287896",5.28508,5.520861,6.748772,5.954737,5.965918,6.088612,6.283303,4.593302,5.051408,5.735026
"273","100287902_at","LGALS8-AS1",4.235912,4.277726,4.019267,4.301417,6.041524,4.66706,4.334655,4.42829,3.801935,4.219779
"274","100287932_at","TIMM23",11.64559,11.4771,11.02738,11.33272,10.81543,10.50159,10.68885,10.95377,11.04281,10.54026
"275","100288079_at","LOC100288079",4.626608,4.456869,4.407909,4.840815,4.499445,4.463114,4.457092,4.600214,4.264189,4.51251
"276","100288092_at","",6.773281,7.140012,8.674863,7.169533,7.057483,6.275789,6.832569,4.984045,7.00989,8.891575
"277","100288122_at","LOC100288122",4.441994,4.129639,4.774606,4.193011,4.405218,4.465725,4.498483,4.50551,4.220965,4.465093
"278","100288123_at","LOC100288123",3.929469,3.94762,3.593441,3.750201,3.555442,3.738686,3.809612,3.671738,3.834399,3.635167
"279","100288152_at","LOC100288152",5.545543,4.889722,6.419679,6.21179,4.799871,5.687258,4.919855,6.215366,8.164336,4.491588
"280","100288198_at","LOC100288198",4.091416,3.999491,3.96403,3.791319,5.65453,4.13313,3.985368,3.945181,3.937459,3.747492
"281","100288413_at","ERVMER34-1",3.716166,3.954576,4.125383,3.79128,8.05425,5.329374,3.662194,4.170677,3.812915,3.815848
"282","100288432_at","LOC100288432",3.829414,3.610907,3.687376,3.952244,3.751115,3.616732,3.765874,3.694664,3.656565,3.534429
"283","100288637_at","LOC100288637",7.974738,8.001658,7.305919,7.366801,8.793,6.496915,6.402684,9.245203,8.224408,7.453173
"284","100288679_at","",3.730796,3.822356,3.502891,3.724377,3.645759,3.575879,3.52697,3.876196,3.740645,3.68165
"285","100288730_at","PAN3-AS1",5.480244,5.080632,4.325458,4.117706,4.595859,4.97872,4.669943,7.566317,5.378178,5.159426
"286","100288797_at","TMEM239",4.004448,3.87463,3.962779,3.897708,3.831208,3.874881,3.69744,3.935433,3.824712,3.773054
"287","100288801_at","FRG2C",4.159738,4.174603,3.973515,3.555772,3.90897,3.921983,3.875986,3.85618,3.66868,5.104511
"288","100288911_at","LOC100288911",6.854916,7.31526,7.552326,7.587051,4.121456,5.546996,7.943668,4.131213,8.106613,7.100034
"289","100289019_at","LOC100289019",6.803223,6.327903,5.368007,6.046678,6.995605,7.032804,6.073516,7.04683,5.705811,5.132373
"290","100289092_at","LOC100289092",6.690506,7.630036,6.67161,8.146476,6.598238,7.016352,7.666434,8.115132,7.748806,7.584658
"291","100289098_at","LOC100289098",6.741744,7.908139,7.920481,8.351148,8.064975,7.574077,7.339255,4.836696,8.084209,7.202171
"292","100289187_at","LOC100289187",4.088975,5.244249,5.51149,4.760992,4.194481,4.350633,4.436953,5.352434,5.255951,4.734055
"293","100289230_at","LOC100289230",5.463956,5.051576,4.18086,5.140302,5.61093,3.811495,5.12089,5.492573,5.547758,5.242134
"294","100289251_at","LOC100289251",5.059683,5.378966,4.708354,4.518751,4.697081,5.000805,4.323109,4.707455,4.604335,4.705311
"295","100289255_at","LOC100289255",4.529659,4.153771,4.188742,4.479995,4.373658,4.358324,4.064527,4.508677,4.187945,4.595174
"296","100289274_at","DNAJC3-AS1",4.804326,4.555087,4.281972,4.62181,7.289516,4.091022,4.286924,5.031244,5.560517,4.735147
"297","100289341_at","LOC100289341",5.613832,6.535063,6.008355,6.419667,7.705746,6.122944,7.007169,5.576446,6.605219,6.276775
"298","100289361_at","LOC100289361",5.396677,6.263728,5.318094,5.374023,7.121017,6.478516,6.245355,5.376421,6.784077,6.624243
"299","100289373_at","UBAC2-AS1",5.024507,5.192967,5.227577,5.510871,5.897897,5.65095,5.214701,5.403018,5.756023,4.83888
"300","100289410_at","MCF2L-AS1",4.260479,4.242447,4.316558,4.330067,4.007022,3.933854,3.7622,4.271718,3.949534,3.927547
"301","100289495_at","LOC100289495",5.099008,4.477436,4.324867,4.555169,4.86001,5.287983,4.279796,5.180158,4.776702,4.350181
"302","100289509_at","LOC100289509",4.26314,4.324265,4.20284,4.131039,4.291042,4.079755,4.078332,4.187964,4.123175,4.001629
"303","100289635_at","ZNF605",7.043588,6.112205,4.404448,7.434063,6.964553,6.609607,6.687404,7.946929,7.216408,6.510873
"304","100289678_at","ZNF783",6.658288,6.671876,5.908645,5.597255,6.305189,6.9965,5.480377,5.807308,6.691846,6.560962
"305","100292680_at","LOC100292680",4.27822,4.314983,4.456765,4.351045,4.215766,4.69025,4.266546,4.023696,4.339253,4.124728
"306","100293516_at","ZNF587B",8.087069,7.301198,7.444826,8.024448,8.459259,8.137536,8.363715,9.064967,8.301346,8.091936
"307","100294362_at","LOC100294362",3.660498,3.686502,3.52507,3.596341,3.827003,3.486875,3.533033,3.548144,3.746554,3.479046
"308","100294720_at","NHEG1",4.724334,4.553913,4.496099,4.161224,4.573467,4.748533,4.113657,4.217641,4.697094,4.167316
"309","1002_at","CDH4",4.238621,3.966231,3.991003,4.158788,4.016137,4.698251,8.068525,4.178567,3.778583,7.008554
"310","100302650_at","LOC100302650",4.874728,4.903565,4.540377,4.446205,4.341353,4.309142,4.358201,4.712335,4.526035,4.367048
"311","100302691_at","LINC00184",4.01978,3.829248,4.054092,3.995022,3.986563,4.07646,4.029233,4.029455,4.11141,4.130582
"312","100302740_at","FAS-AS1",3.558071,3.509937,3.357093,3.720955,3.418604,3.406801,3.621584,3.612021,3.355572,3.564657
"313","100303728_at","SLC25A5-AS1",4.869649,4.613169,4.981777,4.917683,5.893714,4.83793,5.493556,4.792499,5.516403,5.357239
"314","100303755_at","PET117",8.96587,8.995821,10.17868,8.984021,10.64653,9.571722,9.71316,9.053714,9.225612,10.14849
"315","100306951_at","LOC100306951",8.534709,7.923031,9.001816,9.5203,9.77867,8.757769,9.004236,8.165276,8.852042,8.919161
"316","100309464_at","OTX2OS1",3.584246,3.478784,3.567183,3.751343,3.83005,3.732546,3.721242,3.86837,3.341283,3.581133
"317","100316868_at","HOTTIP",4.166172,4.169643,4.103695,4.078353,4.324177,4.674541,4.288957,4.275115,4.510144,4.185212
"318","100316904_at","SAP25",5.429889,5.663955,5.513123,5.685189,6.694854,5.480831,5.285463,6.043826,5.404235,5.21414
"319","100329135_at","LOC100329135",3.665501,3.671464,3.352674,3.319161,3.537348,3.578748,3.628971,4.068983,3.7017,3.589923
"320","100359394_at","LINC00102",3.291725,3.174189,3.073576,3.198358,3.202769,3.244053,3.32772,3.356362,3.131199,3.256409
"321","10036_at","CHAF1A",8.474011,8.470855,7.754048,8.085301,8.425163,8.028692,8.203299,9.189914,9.091513,7.270557
"322","100379224_at","LOC100379224",3.330417,3.672205,3.722056,3.668838,3.73293,3.789775,3.621079,3.395482,3.954541,3.513081
"323","100379661_at","GRIK1-AS2",3.521741,3.39697,3.590613,3.630895,3.286966,3.487093,3.378729,3.623607,3.259701,3.846503
"324","100381270_at","ZBED6",8.383791,7.483072,8.262927,8.877491,7.595654,8.008569,7.064485,8.363712,6.526856,6.828128
"325","10038_at","PARP2",8.807457,9.403318,10.17468,10.49312,10.34265,9.982868,10.03966,9.935604,10.96895,10.73919
"326","10039_at","PARP3",5.981084,6.091761,6.461533,6.663814,4.854944,5.119259,5.680167,4.74268,6.262004,5.50783
"327","1003_at","CDH5",3.935654,3.815726,3.981321,4.066307,3.796034,3.720142,5.726021,3.592733,3.975991,5.274538
"328","10040_at","TOM1L1",10.55015,9.484633,7.379537,9.00383,10.88837,9.296651,9.408109,4.211402,8.737036,8.393025
"329","100422737_at","LOC100422737",3.995952,3.917213,3.916959,3.846011,3.748048,3.791979,3.9898,3.796472,4.201875,4.08245
"330","10042_at","HMGXB4",9.192359,9.55405,9.250769,9.378588,9.677398,9.281561,8.908929,9.719315,9.668596,9.003599
"331","10043_at","TOM1",5.548422,6.050403,5.835013,5.654779,5.109451,6.374419,4.681079,4.946062,5.975963,6.066525
"332","10044_at","SH2D3C",3.836155,3.858673,3.735097,4.195556,3.663255,3.73858,3.600779,6.850208,3.791085,3.692774
"333","10045_at","SH2D3A",4.195307,4.049984,3.651901,3.959493,5.821792,7.659026,4.139415,3.826337,3.890911,3.579545
"334","10046_at","MAMLD1",7.78676,8.147112,8.400656,6.073403,5.064217,7.668294,6.72505,4.70836,7.229571,8.387282
"335","10047_at","CST8",4.333756,4.385349,4.441967,4.406093,4.161837,4.469567,4.759806,4.5754,4.354982,4.364366
"336","10048_at","RANBP9",8.494671,8.474696,9.305501,8.650629,9.013519,7.76843,9.571976,9.85929,9.654716,9.543687
"337","100498859_at","LOC100498859",4.284789,4.710586,4.422548,4.105147,4.292382,4.988812,4.252027,4.517753,4.649106,4.647326
"338","100499177_at","LOC100499177",10.03897,9.880393,9.240263,9.963042,10.71294,7.229052,10.26359,10.35495,9.464973,8.760406
"339","100499194_at","LOC100499194",4.768624,4.404696,4.593523,4.526187,4.590087,4.771634,4.38211,4.67914,4.552736,4.747721
"340","100499466_at","LOC100499466",6.27481,6.229088,5.980629,6.026128,7.340342,6.297403,5.910829,5.032906,5.655017,5.506344
"341","100499467_at","LOC100499467",8.14638,7.736567,5.890384,4.963981,6.432478,8.558334,4.330138,4.507151,4.30806,3.904978
"342","100499489_at","LOC100499489",5.318858,4.9584,5.158087,5.062545,4.572482,4.732236,4.844936,5.143224,4.896077,4.747755
"343","10049_at","DNAJB6",9.983792,10.3114,10.02991,10.323,7.258993,10.00428,10.04777,8.781204,9.191415,10.45307
"344","1004_at","CDH6",9.061401,7.12232,3.894668,3.813997,4.489208,3.724319,4.787342,4.211454,4.025741,7.991777
"345","100500850_at","MIR3682",7.649679,7.495202,6.818523,8.311205,8.259374,7.256864,7.032478,8.17136,7.36873,6.609553
"346","100505474_at","LOC100505474",3.808107,3.631433,3.968683,3.981526,3.754261,3.894604,3.84008,4.126724,3.865777,3.978576
"347","100505478_at","LOC100505478",4.797046,4.733498,4.803536,4.577536,5.038384,4.983162,4.796787,5.126886,4.671189,4.61503
"348","100505481_at","LOC100505481",5.235401,5.073,5.320425,5.378846,4.331557,5.318131,4.765793,8.049352,5.108781,4.399198
"349","100505483_at","LOC100505483",4.994792,4.694739,4.482639,5.249009,4.098704,3.749497,3.809991,4.476578,4.191532,3.945556
"350","100505484_at","LOC100505484",3.94266,3.78599,3.756872,3.960444,3.974163,3.976563,3.645527,3.614161,3.798705,3.476621
"351","100505487_at","LOC100505487",7.958951,8.135508,7.899353,8.035306,8.511986,6.950305,8.724398,9.117854,8.119818,8.679169
"352","100505490_at","LOC100505490",6.180369,7.227536,7.723556,6.819353,5.775206,6.897807,6.390594,5.691127,6.799953,6.666105
"353","100505491_at","LOC100505491",3.903303,3.542848,3.624941,5.171279,3.836468,4.291007,8.560943,5.986014,3.641049,8.642855
"354","100505495_at","LOC100505495",4.006398,3.864507,4.081694,3.958744,4.021067,3.971701,4.039998,4.349765,3.894585,3.829582
"355","100505498_at","LOC100505498",4.113444,4.207363,3.816031,3.965412,3.739817,4.065477,3.755229,4.246289,4.041427,3.735791
"356","100505500_at","LOC100505500",3.937986,3.841226,4.160986,4.452102,3.985067,3.933545,4.501037,4.441919,3.720315,3.878299
"357","100505501_at","LOC100505501",6.290073,7.025745,8.096477,7.709189,4.688887,7.098617,7.35912,7.566277,4.625153,6.705199
"358","100505515_at","LOC100505515",4.199198,4.084308,4.035758,3.699897,4.033865,3.879316,4.019352,4.522921,4.398869,4.128388
"359","100505518_at","LOC100505518",3.665939,3.854028,3.833072,3.650628,3.761501,3.668907,3.796416,4.259545,3.771496,3.838898
"360","100505519_at","LOC100505519",7.653703,5.408115,7.632073,8.29557,7.1747,5.934064,7.106164,7.034209,7.651994,6.276566
"361","100505525_at","LOC100505525",3.390212,3.532731,3.437279,3.519555,3.418458,3.43893,3.374745,3.79606,3.668603,3.504229
"362","100505533_at","LOC100505533",3.806053,3.643463,3.905404,3.983504,3.685324,3.915651,3.976462,4.441919,3.848803,3.79134
"363","100505536_at","LOC100505536",3.896093,3.715517,3.700268,3.83742,4.091236,3.763778,4.273442,4.018488,3.620006,3.964122
"364","100505538_at","RBM26-AS1",4.222737,4.033323,3.435854,3.792502,5.583336,4.146599,4.292785,4.672526,4.178936,3.821944
"365","100505540_at","LOC100505540",3.895955,3.90893,3.866383,3.89782,3.826464,3.916716,3.753562,3.845326,4.222034,3.786296
"366","100505545_at","LOC100505545",3.958386,3.746238,3.881784,3.821594,3.830874,3.537491,3.670518,3.848969,3.787773,3.804742
"367","100505547_at","LOC100505547",5.153572,4.895251,4.76766,5.280752,5.00575,5.342151,4.927991,5.130233,5.599463,4.953994
"368","100505549_at","LOC100505549",5.003676,4.312067,4.787706,5.231022,7.452019,5.050215,4.897554,6.762586,4.944483,4.93453
"369","100505554_at","LOC100505554",4.481691,4.356651,4.130976,4.286433,4.589758,4.480103,4.237746,4.300551,4.808176,4.599838
"370","100505555_at","LOC100505555",3.580012,3.44211,3.492474,3.695166,3.558582,3.888475,3.434158,3.496438,3.526628,4.057651
"371","100505562_at","LOC100505562",8.515213,7.499962,4.934991,4.771184,4.733573,5.46806,6.008064,4.97317,4.33056,7.429638
"372","100505564_at","LOC100505564",3.30923,3.248945,3.653721,3.498051,3.228125,3.563151,3.14666,3.727228,3.500746,3.318035
"373","100505565_at","LOC100505565",3.746985,3.482616,3.508241,3.387659,3.409392,3.67029,3.452434,3.497088,3.481358,3.637871
"374","100505570_at","LOC100505570",5.033256,4.62179,4.157805,4.708756,4.376195,4.429074,4.604029,4.610344,4.424917,4.094813
"375","100505572_at","LOC100505572",3.882763,3.860512,3.624685,3.679809,3.561334,3.541291,3.714825,4.37698,3.669855,3.51675
"376","100505573_at","LOC100505573",6.246135,6.233759,7.463381,6.574144,7.261938,8.154124,8.354436,6.705302,7.472277,7.732574
"377","100505574_at","LOC100505574",4.740322,4.359042,4.258895,3.981778,4.59709,5.199344,4.17527,4.52804,4.664506,4.217128
"378","100505576_at","LOC100505576",4.842043,4.499036,4.810008,4.285152,4.952913,4.486046,4.566248,4.649947,4.652633,4.303271
"379","100505583_at","LOC100505583",3.678946,3.717537,3.835088,3.749597,3.764584,4.063002,3.849944,3.916644,4.043355,3.786343
"380","100505592_at","LOC100505592",4.836205,4.38803,4.03235,4.03789,4.223733,4.492607,4.140087,4.047867,4.553896,6.780096
"381","100505598_at","PEX5L-AS2",3.864836,3.764051,3.831319,3.772551,3.57547,3.908098,3.813286,3.911393,3.646809,3.644587
"382","100505601_at","LOC100505601",4.625211,4.029172,3.577237,3.587521,3.319692,4.154671,3.556962,3.637373,3.960576,3.908953
"383","100505606_at","LOC100505606",4.425728,4.409147,4.120977,4.265993,4.115698,4.445668,4.359843,3.998431,4.428699,3.962292
"384","100505609_at","LOC100505609",3.676202,3.809466,3.720442,3.561596,3.714621,3.772913,3.772121,3.743924,3.877456,3.580171
"385","100505616_at","LOC100505616",9.191968,9.716652,8.958122,9.966219,9.072472,8.634459,9.053771,10.15161,8.82223,9.519563
"386","100505619_at","LOC100505619",3.912305,4.038044,4.178941,4.009973,3.96573,3.90588,4.215243,4.080917,3.982356,4.331804
"387","100505622_at","LOC100505622",4.586389,4.23349,3.991281,4.163118,3.79768,5.24857,4.067001,4.798566,4.14147,5.857168
"388","100505624_at","LOC100505624",4.166678,4.178262,4.100238,4.410002,4.192874,4.395363,3.988632,4.3212,4.182882,4.11766
"389","100505633_at","LOC100505633",3.712401,3.70275,7.088041,10.81314,3.617903,3.801651,4.304213,3.800951,3.799627,3.839636
"390","100505634_at","LOC100505634",6.870297,6.951665,8.361579,6.457781,4.156485,5.873159,7.219147,4.97448,6.541785,8.311107
"391","100505635_at","LOC100505635",4.422334,4.190385,4.89375,4.459299,4.491511,3.900507,4.232302,4.054064,3.833659,4.095991
"392","100505639_at","LOC100505639",5.129305,5.15442,4.889031,5.137024,4.918029,5.090941,5.067876,5.107862,5.262979,5.43483
"393","100505641_at","FGD5-AS1",9.74245,9.987678,10.69062,10.99176,11.26612,9.221311,11.49475,10.43425,10.76195,11.21897
"394","100505644_at","LOC100505644",5.11737,5.29921,5.294343,5.541136,7.772183,5.135557,5.633882,5.281969,6.205239,4.702655
"395","100505649_at","LOC100505649",3.604124,3.59999,3.615767,3.657909,3.614411,3.669375,3.540777,3.643539,3.577554,3.361998
"396","100505650_at","LOC100505650",11.80392,9.079244,3.93659,4.082792,3.929874,3.996307,3.804844,4.854832,6.011446,3.991071
"397","100505657_at","LOC100505657",4.139447,4.39785,4.437522,4.348965,4.61224,4.162245,4.183115,4.896329,4.505729,4.136727
"398","100505658_at","LOC100505658",3.81971,3.880742,3.6911,3.784631,3.57116,4.064006,3.726354,3.944661,3.792354,3.633437
"399","100505659_at","LOC100505659",3.875828,3.770521,3.992499,4.343897,4.130026,3.905533,3.97414,4.091754,4.340102,3.80175
"400","100505664_at","LOC100505664",3.935075,4.421483,3.82038,3.849124,4.022781,4.2494,3.8349,3.890995,3.942431,3.861247
"401","100505666_at","LOC100505666",4.368003,4.429103,4.152348,4.254072,4.541479,4.444158,4.383347,4.139083,4.565039,4.279037
"402","100505668_at","LOC100505668",5.13584,5.61204,4.425461,6.082313,4.264075,4.790266,5.186366,4.630708,4.544606,4.984717
"403","100505676_at","LOC100505676",3.666179,3.587015,3.597658,3.457086,3.476725,3.401567,3.456671,3.974875,3.549052,3.480738
"404","100505681_at","LOC100505681",4.93558,4.778954,4.671635,4.790698,4.733642,5.142154,4.198485,4.615254,4.847068,4.73255
"405","100505683_at","LOC100505683",4.031863,4.210506,4.000153,3.703437,3.727754,3.943459,4.251253,3.903415,3.999314,4.386805
"406","100505685_at","LOC100505685",3.431601,3.810736,3.698893,3.786561,3.711359,3.696193,3.729937,3.870575,3.792828,3.852815
"407","100505686_at","LOC100505686",4.283151,4.494286,4.223149,3.736936,4.336539,3.615586,3.940679,4.57708,4.412781,3.885544
"408","100505687_at","LOC100505687",7.757834,8.208041,7.73641,8.268304,6.167717,7.221194,6.719339,8.021328,7.536279,7.809904
"409","100505697_at","LOC100505697",4.730481,4.657959,4.92562,4.323478,4.441923,4.666786,4.376986,5.44715,4.218149,4.288077
"410","100505702_at","LOC100505702",5.028738,4.548391,4.105818,3.79804,3.595184,3.700983,3.741081,3.545571,3.65313,3.811115
"411","100505709_at","LOC100505709",3.690978,3.574341,3.450407,3.517865,3.319924,3.684655,3.448406,3.269246,3.575896,3.395266
"412","100505710_at","LOC100505710",4.609402,4.453414,4.624747,5.050538,4.854522,4.774283,4.599519,5.070973,4.701089,4.645741
"413","100505711_at","LOC100505711",5.386086,5.290588,5.282914,5.39844,5.674452,5.193933,5.317863,5.537776,5.549682,5.409946
"414","100505715_at","LOC100505715",6.587719,5.419146,8.154313,9.066043,5.68982,7.064038,5.690136,5.713621,7.020734,8.088562
"415","100505716_at","LOC100505716",4.168462,4.596364,4.227736,4.17877,4.003913,4.043818,3.59663,4.178571,3.892877,3.880829
"416","100505718_at","LOC100505718",4.014848,3.883618,3.857389,4.828413,3.357962,3.785218,3.663173,4.081867,3.624019,3.680638
"417","100505725_at","LOC100505725",3.428712,3.451176,3.572513,3.659985,3.600107,3.52064,4.131712,3.908815,3.578075,4.076035
"418","100505727_at","LOC100505727",3.823417,3.938561,3.845329,4.136551,3.592,3.705748,3.60527,4.333809,6.577289,3.827888
"419","100505729_at","LOC100505729",4.976845,5.621982,5.368801,4.291301,5.853455,5.209534,6.505994,5.786245,6.563497,5.916313
"420","100505730_at","LOC100505730",5.272936,5.09233,5.222816,5.906659,5.964561,4.37845,4.665306,6.148229,6.119178,4.433191
"421","100505735_at","LOC100505735",4.023143,4.063915,3.695071,3.864456,3.724174,3.753735,3.480196,3.767075,4.192819,3.601908
"422","100505738_at","LOC100505738",6.320028,5.516806,6.39408,4.396947,6.895462,5.497887,6.417388,5.243113,4.326833,5.714125
"423","100505741_at","SPATA1",3.681294,3.600432,3.626157,3.548646,3.20816,3.436296,3.595949,3.68089,3.433541,3.418167
"424","100505746_at","LOC100505746",4.080825,4.084308,4.451999,4.079601,3.980853,4.932398,4.336192,4.319589,4.477713,3.973667
"425","100505750_at","LOC100505750",3.734574,3.760422,3.666695,3.633101,3.817479,3.815087,3.718987,3.613702,3.491657,3.720255
"426","100505758_at","PRMT5-AS1",4.572787,4.896924,5.639411,4.865657,5.130347,4.705866,5.103732,5.202537,4.759428,5.150843
"427","100505760_at","LOC100505760",4.338987,4.464313,3.867083,3.699186,6.367941,3.943385,3.847711,5.626251,3.80759,3.820561
"428","100505761_at","LOC100505761",4.260873,4.324265,3.754487,4.249182,8.145607,4.471259,4.022491,6.43943,7.356666,4.054117
"429","100505763_at","LOC100505763",6.048608,5.488169,5.656726,5.226099,6.33173,5.381634,5.777766,5.757027,5.855108,5.510448
"430","100505768_at","LOC100505768",3.892982,3.628369,3.791874,3.4077,3.645502,3.784791,3.418588,3.54066,3.665262,3.572974
"431","100505773_at","",4.59149,4.102925,3.417503,4.895777,6.499077,3.373238,4.980838,4.524804,5.092014,3.656102
"432","100505774_at","LOC100505774",4.208813,4.717438,4.504814,4.278879,4.381781,3.91986,4.222643,4.863574,4.24079,3.946952
"433","100505776_at","LOC100505776",3.323929,3.351338,3.397382,3.253239,3.565349,3.237011,3.463298,3.744921,3.369896,3.285184
"434","100505782_at","LOC100505782",3.530798,3.417716,3.535124,3.416442,3.574523,3.607401,3.419008,3.608321,3.640832,3.266039
"435","100505783_at","LOC100505783",4.883782,4.242418,5.709324,6.704896,4.728758,3.82926,5.054539,4.758399,4.870919,5.282066
"436","100505784_at","LOC100505784",3.619787,3.730559,3.591767,3.588787,3.45479,3.54303,3.62436,3.885061,3.918478,3.573635
"437","100505786_at","LOC100505786",4.631241,4.823481,4.870795,4.518843,4.177304,4.372382,4.356853,4.592683,3.84454,4.161195
"438","100505792_at","LOC100505792",9.684642,9.621136,8.772663,8.864131,8.759865,8.627414,9.922206,9.879261,9.882469,8.874855
"439","100505794_at","LOC100505794",3.968923,3.353807,4.805565,4.496648,4.389309,4.50317,3.326362,3.878168,4.103612,4.440025
"440","100505797_at","LOC100505797",3.545368,3.657713,3.733947,3.747457,3.66988,6.68012,3.960298,3.614178,3.632845,5.03815
"441","100505801_at","LOC100505801",3.305133,3.395817,3.197289,3.426246,3.393425,3.357862,3.117645,6.766244,3.510977,3.312244
"442","100505806_at","LOC100505806",4.036553,9.275643,8.974234,4.01526,4.11212,7.312543,3.879094,3.875866,3.999251,7.350253
"443","100505811_at","LOC100505811",3.468661,3.736539,3.484957,3.305223,3.396774,3.807412,3.593663,3.757253,3.556707,3.509339
"444","100505820_at","LOC100505820",4.630359,4.610916,4.092994,4.366256,4.366881,4.487723,4.192023,4.300499,3.919425,4.121902
"445","100505826_at","LOC100505826",5.250476,5.733966,5.244016,5.768116,5.218829,5.078219,4.885171,5.217015,5.17715,4.665066
"446","100505828_at","LOC100505828",3.807697,4.012235,3.845553,4.198111,3.745932,3.93668,4.155217,4.329519,4.265285,4.002072
"447","100505832_at","PROX1-AS1",3.71565,3.814059,3.445295,3.574236,3.330714,3.679722,3.535637,3.640389,3.372922,3.314154
"448","100505835_at","LOC100505835",3.732002,3.78547,3.547537,3.744154,3.776321,3.686807,3.888026,3.779262,3.790427,3.703735
"449","100505838_at","LOC100505838",3.686384,3.667464,3.705597,3.786561,3.716073,3.787409,3.670139,3.823078,3.696681,3.59754
"450","100505839_at","LOC100505839",3.962318,3.679485,3.673328,4.113434,3.918994,5.659552,3.770896,4.162072,3.949323,3.927633
"451","100505841_at","LOC100505841",4.217395,3.913673,3.958135,3.848313,3.877956,3.882385,5.06524,3.806117,3.625005,4.089539
"452","100505851_at","LOC100505851",4.221628,4.225528,4.385394,4.200202,4.21984,3.994011,3.773038,4.286255,3.982939,3.88468
"453","100505853_at","LOC100505853",4.773738,4.769432,4.546906,4.391415,4.561461,4.810764,4.670416,5.075881,5.02624,4.515446
"454","100505854_at","LOC100505854",7.565429,8.315216,7.673731,7.783586,8.738987,7.270409,7.076469,6.977819,7.940469,7.290874
"455","100505862_at","LOC100505862",3.845246,3.823398,3.51824,3.58413,3.568593,3.66139,3.661244,3.861992,3.684961,3.61235
"456","100505870_at","LOC100505870",4.144505,3.908952,4.047721,4.01275,4.096814,4.285415,3.774871,4.167843,3.890532,3.814897
"457","100505875_at","LOC100505875",4.054013,3.999181,3.77726,4.013478,3.596705,3.593026,3.738554,3.762191,3.819032,3.966005
"458","100505876_at","LOC100505876",7.955813,8.297074,7.010446,8.471476,8.796556,7.384638,8.207159,8.568054,8.554992,8.352985
"459","100505877_at","LOC100505877",3.768155,3.556251,3.721382,3.61671,3.694567,3.69146,3.771684,3.888644,4.060075,3.681997
"460","100505878_at","LOC100505878",3.344066,3.550562,3.326099,3.316729,3.542449,3.510623,3.433038,3.54368,3.786328,3.473374
"461","100505879_at","KIF25-AS1",4.842275,4.623685,4.338765,4.389531,4.438712,4.739171,4.426549,4.413327,4.664431,4.361658
"462","100505880_at","LOC100505880",5.669884,3.917213,3.878781,4.205219,4.215653,6.68012,6.30822,4.357848,4.861493,4.200712
"463","100505881_at","MAGI2-AS3",3.693313,7.266397,7.112433,7.369043,3.716447,4.148446,5.330238,3.744475,3.678979,6.404061
"464","100505890_at","LOC100505890",4.240471,4.200756,4.350162,4.04571,4.135973,4.153924,4.217143,4.5056,4.05138,4.523352
"465","100505893_at","SLIT2-IT1",3.644343,3.68802,4.018646,3.573416,3.634983,4.012929,3.978275,4.052514,3.746022,3.568827
"466","100505894_at","LOC100505894",7.490643,6.150935,5.067241,5.093172,8.398639,5.387963,4.893946,7.735898,4.691346,7.635302
"467","100505903_at","LOC100505903",3.990014,3.727533,3.697296,3.849413,3.585035,4.013166,3.684957,3.82511,3.74183,3.85905
"468","100505904_at","LOC100505904",3.7837,3.738116,3.844916,3.753307,3.828765,3.717706,3.94372,3.815968,3.711713,3.589923
"469","100505905_at","",5.333431,6.32313,4.838848,5.079405,5.515869,4.94038,5.040017,5.257978,4.473535,5.023857
"470","100505906_at","LOC100505906",4.57058,4.650619,3.854787,4.059801,4.073209,4.350633,3.985204,3.880241,4.435328,3.949633
"471","100505908_at","LOC100505908",3.429996,3.63258,3.649345,3.833363,3.359497,3.582375,3.575244,3.645498,3.379999,3.422471
"472","100505912_at","LOC100505912",4.535226,4.001524,4.145741,4.478583,3.825883,4.174758,4.016598,5.683392,4.376661,4.857403
"473","100505918_at","LOC100505918",4.734183,5.159713,4.847551,4.581338,4.550688,4.70452,4.766757,5.148033,4.659606,4.596245
"474","100505920_at","LOC100505920",4.12119,4.38006,3.999005,4.224915,4.033704,4.21467,4.064042,3.940039,4.400241,3.991874
"475","100505928_at","LOC100505928",4.051232,3.917213,3.661135,3.709283,3.634897,3.932892,3.483914,3.596514,3.327147,3.571569
"476","100505929_at","C21orf37",3.36244,3.515884,3.70253,3.46876,3.526064,3.538417,3.312826,3.807016,3.578484,3.404466
"477","100505930_at","LOC100505930",4.539596,4.396199,4.954026,4.491066,3.961588,3.988703,4.680813,4.847033,4.208846,4.514105
"478","100505932_at","LOC100505932",5.596888,6.377571,6.717153,6.39061,5.711511,5.92126,5.691779,6.119405,6.1477,6.311975
"479","100505933_at","LOC100505933",4.433698,4.240071,3.995426,4.141927,4.095379,3.903871,3.997872,4.225536,4.01821,3.808703
"480","100505938_at","LOC100505938",4.729536,4.089482,4.667237,4.687329,5.619077,4.536889,4.235049,3.978872,5.290601,4.038905
"481","100505942_at","LOC100505942",4.325686,4.869039,4.506638,4.869943,4.727821,4.230445,4.543753,4.38918,4.466113,4.550443
"482","100505946_at","LOC100505946",3.644477,3.911881,3.898508,7.380232,3.620941,4.660293,3.484652,3.674429,3.340081,3.612716
"483","100505947_at","LOC100505947",4.106147,4.232117,4.201712,4.270614,4.077962,3.849185,3.929237,4.08605,3.881199,4.13348
"484","100505960_at","LOC100505960",3.994429,3.787994,3.691388,3.721732,3.74087,3.734088,3.956635,3.953095,3.60456,3.566008
"485","100505963_at","LOC100505963",4.141341,3.906799,4.130976,4.129562,4.099772,3.86926,4.217143,3.736242,4.218075,4.024356
"486","100505964_at","LOC100505964",4.693712,4.294416,4.167803,4.44337,4.535475,4.523594,4.113657,4.197184,3.856662,4.01873
"487","100505967_at","LOC100505967",3.428213,3.924292,3.512219,4.349839,3.41529,3.404345,3.441749,3.560587,3.975345,3.457247
"488","100505971_at","LOC100505971",7.438908,7.166175,5.040147,6.736319,5.009996,5.430198,5.173466,5.129209,5.722623,6.924817
"489","100505974_at","LOC100505974",4.656707,4.859635,4.297533,3.923295,4.330514,4.464697,4.368553,4.872023,4.461267,4.336358
"490","100505975_at","ENO1-AS1",4.347354,4.610612,6.104969,5.343079,5.447387,4.970659,4.975097,5.797493,5.004065,4.551629
"491","100505976_at","LOC100505976",4.25689,4.388077,3.829191,4.117765,4.139669,4.386872,4.11724,4.370927,4.593444,4.054802
"492","100505978_at","LOC100505978",4.092485,4.220474,4.024459,4.185351,3.897365,4.259887,4.172626,4.009927,4.132737,3.82712
"493","100505983_at","LOC100505983",4.247228,3.561376,3.50306,3.70065,3.615051,3.915464,3.727378,3.608034,3.754102,3.549766
"494","100505985_at","LOC100505985",4.166937,4.271755,4.329178,4.011733,4.089541,4.449676,4.044004,4.478327,4.119716,3.870085
"495","100505986_at","LOC100505986",3.642587,3.481231,3.397159,3.550373,3.551661,3.618022,3.534253,3.590539,3.979112,3.43012
"496","100505989_at","LOC100505989",3.435984,3.516811,3.714054,3.503066,4.332454,3.449034,3.415681,3.747357,3.765268,3.452669
"497","100506003_at","ZFY-AS1",3.444563,3.586684,3.453076,3.379636,3.234926,3.598483,3.222425,3.884593,3.442003,3.317569
"498","100506012_at","LOC100506012",4.267851,3.738626,4.0421,4.013082,4.419538,4.061596,4.041406,4.538285,4.446422,3.863285
"499","100506013_at","LOC100506013",3.507311,3.569566,3.418387,3.4848,3.809608,3.421848,3.392297,3.609791,3.416371,3.147034
"500","100506014_at","LOC100506014",4.971115,5.894341,5.152781,5.984646,4.801394,5.90841,5.749493,4.359592,5.878305,6.573336
